-- Inserting values into the Store table
INSERT INTO Store (StreetAddress, City, [State], Country, Contact_No, Email_Address)
VALUES
('123 Main St', 'New York', 'NY', 'USA', 1234567890, 'john.doe@gmail.com'),
('456 Elm St', 'Los Angeles', 'CA', 'USA', 9876543210, 'jane.smith@gmail.com'),
('789 Oak St', 'Chicago', 'IL', 'USA', 5551234567, 'michael.johnson@gmail.com'),
('101 Pine St', 'Houston', 'TX', 'USA', 3339998888, 'emily.brown@gmail.com'),
('202 Maple St', 'Phoenix', 'AZ', 'USA', 1112223333, 'christopher.martinez@gmail.com'),
('303 Cedar St', 'Philadelphia', 'PA', 'USA', 4445556666, 'emma.garcia@gmail.com'),
('404 Birch St', 'San Antonio', 'TX', 'USA', 7778889999, 'daniel.lopez@gmail.com'),
('505 Walnut St', 'San Diego', 'CA', 'USA', 6667778888, 'olivia.perez@gmail.com'),
('606 Spruce St', 'Dallas', 'TX', 'USA', 2223334444, 'matthew.gonzalez@gmail.com'),
('707 Oak St', 'San Jose', 'CA', 'USA', 9990001111, 'sophia.rodriguez@gmail.com'),
('808 Pine St', 'Austin', 'TX', 'USA', 1112345678, 'william.wilson@gmail.com'),
('909 Maple St', 'Jacksonville', 'FL', 'USA', 2223456789, 'ashley.anderson@gmail.com'),
('1010 Cedar St', 'Fort Worth', 'TX', 'USA', 3334567890, 'david.taylor@gmail.com'),
('1111 Birch St', 'Columbus', 'OH', 'USA', 4445678901, 'hannah.thomas@gmail.com'),
('1212 Walnut St', 'San Francisco', 'CA', 'USA', 5556789012, 'james.hernandez@gmail.com'),
('1313 Spruce St', 'Charlotte', 'NC', 'USA', 6667890123, 'ava.moore@gmail.com'),
('1414 Oak St', 'Indianapolis', 'IN', 'USA', 7778901234, 'benjamin.nelson@gmail.com'),
('1515 Pine St', 'Seattle', 'WA', 'USA', 8889012345, 'mia.hill@gmail.com'),
('1616 Maple St', 'Denver', 'CO', 'USA', 9990123456, 'alexander.ramirez@gmail.com'),
('1717 Cedar St', 'Washington', 'DC', 'USA', 1112223334, 'chloe.peterson@gmail.com'),
('1818 Birch St', 'Boston', 'MA', 'USA', 2223334445, 'ethan.king@gmail.com'),
('1919 Walnut St', 'El Paso', 'TX', 'USA', 3334445556, 'madison.bell@gmail.com'),
('2020 Spruce St', 'Nashville', 'TN', 'USA', 4445556667, 'logan.wright@gmail.com'),
('2121 Oak St', 'Detroit', 'MI', 'USA', 5556667778, 'abigail.baker@gmail.com'),
('2222 Pine St', 'Oklahoma City', 'OK', 'USA', 6667778889, 'ryan.green@gmail.com'),
('2323 Maple St', 'Portland', 'OR', 'USA', 7778889990, 'samantha.young@gmail.com'),
('2424 Cedar St', 'Las Vegas', 'NV', 'USA', 8889990001, 'jackson.allen@gmail.com'),
('2525 Birch St', 'Memphis', 'TN', 'USA', 9990001112, 'evelyn.lewis@gmail.com'),
('2626 Walnut St', 'Louisville', 'KY', 'USA', 1234567899, 'luke.lee@gmail.com'),
('2727 Spruce St', 'Baltimore', 'MD', 'USA', 2345678901, 'avery.clark@gmail.com');

-- Inserting values into the Employee table
INSERT INTO Employee (StoreID, Supervisor_ID, First_Name, Last_Name, Contact_No, Email_Address, City, [State], Country)
VALUES
(1, 2, 'John', 'Doe', 1234567890, 'john.doe@gmail.com', 'New York', 'NY', 'USA'),
(1, 1, 'Jane', 'Smith', 9876543210, 'jane.smith@gmail.com', 'Los Angeles', 'CA', 'USA'),
(1, 2, 'Michael', 'Johnson', 5551234567, 'michael.johnson@gmail.com', 'Chicago', 'IL', 'USA'),
(1, 3, 'Emily', 'Brown', 3339998888, 'emily.brown@gmail.com', 'Houston', 'TX', 'USA'),
(2, 4, 'Christopher', 'Martinez', 1112223333, 'christopher.martinez@gmail.com', 'Phoenix', 'AZ', 'USA'),
(2, 5, 'Emma', 'Garcia', 4445556666, 'emma.garcia@gmail.com', 'Philadelphia', 'PA', 'USA'),
(2, 6, 'Daniel', 'Lopez', 7778889999, 'daniel.lopez@gmail.com', 'San Antonio', 'TX', 'USA'),
(2, 7, 'Olivia', 'Perez', 6667778888, 'olivia.perez@gmail.com', 'San Diego', 'CA', 'USA'),
(3, 8, 'Matthew', 'Gonzalez', 2223334444, 'matthew.gonzalez@gmail.com', 'Dallas', 'TX', 'USA'),
(3, 9, 'Sophia', 'Rodriguez', 9990001111, 'sophia.rodriguez@gmail.com', 'San Jose', 'CA', 'USA'),
(3, 10, 'William', 'Wilson', 1112345678, 'william.wilson@gmail.com', 'Austin', 'TX', 'USA'),
(3, 11, 'Ashley', 'Anderson', 2223456789, 'ashley.anderson@gmail.com', 'Jacksonville', 'FL', 'USA'),
(4, 12, 'David', 'Taylor', 3334567890, 'david.taylor@gmail.com', 'Fort Worth', 'TX', 'USA'),
(4, 13, 'Hannah', 'Thomas', 4445678901, 'hannah.thomas@gmail.com', 'Columbus', 'OH', 'USA'),
(4, 14, 'James', 'Hernandez', 5556789012, 'james.hernandez@gmail.com', 'San Francisco', 'CA', 'USA'),
(4, 15, 'Ava', 'Moore', 6667890123, 'ava.moore@gmail.com', 'Charlotte', 'NC', 'USA'),
(5, 16, 'Benjamin', 'Nelson', 7778901234, 'benjamin.nelson@gmail.com', 'Indianapolis', 'IN', 'USA'),
(5, 17, 'Mia', 'Hill', 8889012345, 'mia.hill@gmail.com', 'Seattle', 'WA', 'USA'),
(5, 18, 'Alexander', 'Ramirez', 9990123456, 'alexander.ramirez@gmail.com', 'Denver', 'CO', 'USA'),
(5, 19, 'Chloe', 'Peterson', 1112223334, 'chloe.peterson@gmail.com', 'Washington', 'DC', 'USA'),
(1, 20, 'Ethan', 'King', 2223334445, 'ethan.king@gmail.com', 'Boston', 'MA', 'USA'),
(1, 21, 'Madison', 'Bell', 3334445556, 'madison.bell@gmail.com', 'El Paso', 'TX', 'USA'),
(2, 22, 'Logan', 'Wright', 4445556667, 'logan.wright@gmail.com', 'Nashville', 'TN', 'USA'),
(2, 23, 'Abigail', 'Baker', 5556667778, 'abigail.baker@gmail.com', 'Detroit', 'MI', 'USA'),
(2, 24, 'Jackson', 'Allen', 6667778889, 'jackson.allen@gmail.com', 'Las Vegas', 'NV', 'USA'),
(2, 25, 'Samantha', 'Young', 7778889990, 'samantha.young@gmail.com', 'Portland', 'OR', 'USA'),
(3, 26, 'Evelyn', 'Lewis', 9990001112, 'evelyn.lewis@gmail.com', 'Memphis', 'TN', 'USA'),
(3, 27, 'Luke', 'Lee', 1234567899, 'luke.lee@gmail.com', 'Louisville', 'KY', 'USA'),
(3, 28, 'Avery', 'Clark', 2345678901, 'avery.clark@gmail.com', 'Baltimore', 'MD', 'USA');

-- Inserting values into the Car_Category table
INSERT INTO Car_Category (Category_Name, Hourly_Rate, Weekly_Rate, Monthly_Rate)
VALUES
('SUV', 50.00, 300.00, 1000.00),
('Sedan', 40.00, 250.00, 900.00),
('Hatchback', 35.00, 200.00, 800.00),
('Van', 60.00, 350.00, 1200.00),
('Sports Car', 100.00, 600.00, 2000.00),
('Mini Van', 70.00, 400.00, 1500.00),
('SUV', 55.00, 320.00, 1100.00),
('Sedan', 45.00, 270.00, 950.00),
('Hatchback', 38.00, 210.00, 850.00),
('Van', 65.00, 380.00, 1250.00),
('Sports Car', 110.00, 650.00, 2100.00),
('Mini Van', 75.00, 420.00, 1600.00),
('SUV', 60.00, 350.00, 1200.00),
('Sedan', 50.00, 300.00, 1000.00),
('Hatchback', 40.00, 250.00, 900.00),
('Van', 70.00, 400.00, 1500.00),
('Sports Car', 120.00, 700.00, 2200.00),
('Mini Van', 80.00, 450.00, 1700.00),
('SUV', 65.00, 380.00, 1250.00),
('Sedan', 55.00, 320.00, 1100.00),
('Hatchback', 45.00, 270.00, 950.00),
('Van', 75.00, 420.00, 1600.00),
('Sports Car', 130.00, 750.00, 2300.00),
('Mini Van', 85.00, 480.00, 1800.00),
('SUV', 70.00, 400.00, 1500.00),
('Sedan', 60.00, 350.00, 1200.00),
('Hatchback', 50.00, 300.00, 1000.00),
('Van', 80.00, 450.00, 1700.00),
('Sports Car', 140.00, 800.00, 2400.00),
('Mini Van', 90.00, 500.00, 1900.00);

-- Inserting values into the Car table
INSERT INTO Car (CategoryID, StoreID, Make, Model, Fuel_Type, YearOfManufacturing, Condition, License_Plate_Number, Color, Availability, Transmission_Type)
VALUES
(1, 1, 'Toyota', 'RAV4', 'Petrol', 2019, 'Good', 'ABC123', 'Blue', 'True', 'Automatic'),
(2, 1, 'Honda', 'Civic', 'Petrol', 2018, 'Excellent', 'XYZ456', 'Black', 'True', 'Automatic'),
(3, 1, 'Ford', 'Fiesta', 'Petrol', 2020, 'Good', 'DEF789', 'White', 'True', 'Manual'),
(4, 1, 'Mercedes-Benz', 'Sprinter', 'Diesel', 2021, 'Excellent', 'GHI012', 'Silver', 'True', 'Automatic'),
(5, 1, 'Porsche', '911', 'Petrol', 2022, 'Good', 'JKL345', 'Red', 'True', 'Automatic'),
(6, 1, 'Toyota', 'Sienna', 'Petrol', 2019, 'Good', 'MNO678', 'Grey', 'True', 'Automatic'),
(1, 2, 'Nissan', 'Rogue', 'Petrol', 2017, 'Good', 'PQR901', 'Green', 'True', 'Automatic'),
(2, 2, 'Chevrolet', 'Malibu', 'Petrol', 2019, 'Excellent', 'STU234', 'Silver', 'True', 'Automatic'),
(3, 2, 'Volkswagen', 'Golf', 'Petrol', 2020, 'Good', 'VWX567', 'Blue', 'True', 'Manual'),
(4, 2, 'Ford', 'Transit', 'Diesel', 2021, 'Excellent', 'YZA890', 'White', 'True', 'Automatic'),
(5, 2, 'Audi', 'TT', 'Petrol', 2022, 'Good', 'BCD123', 'Black', 'True', 'Automatic'),
(6, 2, 'Honda', 'Odyssey', 'Petrol', 2018, 'Good', 'EFG456', 'Red', 'True', 'Automatic'),
(1, 3, 'Toyota', 'Highlander', 'Petrol', 2017, 'Good', 'HIJ789', 'Silver', 'True', 'Automatic'),
(2, 3, 'Hyundai', 'Elantra', 'Petrol', 2019, 'Good', 'KLM012', 'Blue', 'True', 'Automatic'),
(3, 3, 'Mazda', 'Mazda3', 'Petrol', 2020, 'Good', 'NOP345', 'Black', 'True', 'Manual'),
(4, 3, 'Mercedes-Benz', 'Vito', 'Diesel', 2021, 'Excellent', 'QRS678', 'Grey', 'True', 'Automatic'),
(5, 3, 'Ferrari', '488', 'Petrol', 2022, 'Good', 'TUV901', 'Red', 'True', 'Automatic'),
(6, 3, 'Chrysler', 'Pacifica', 'Petrol', 2018, 'Good', 'WXY234', 'White', 'True', 'Automatic'),
(1, 4, 'Jeep', 'Wrangler', 'Petrol', 2017, 'Good', 'YZA567', 'Green', 'True', 'Manual'),
(2, 4, 'Kia', 'Optima', 'Petrol', 2019, 'Good', 'BCD890', 'Silver', 'True', 'Automatic'),
(3, 4, 'Subaru', 'Impreza', 'Petrol', 2020, 'Good', 'EFG123', 'Blue', 'False', 'Manual'),
(4, 4, 'Volkswagen', 'Transporter', 'Diesel', 2021, 'Excellent', 'HIJ456', 'Black', 'False', 'Automatic'),
(5, 4, 'Lamborghini', 'Huracan', 'Petrol', 2022, 'Good', 'KLM789', 'Yellow', 'False', 'Automatic'),
(6, 4, 'Dodge', 'Grand Caravan', 'Petrol', 2018, 'Good', 'NOP012', 'White', 'False', 'Automatic'),
(1, 5, 'Tesla', 'Model X', 'EV', 2019, 'Good', 'QRS345', 'Blue', 'False', 'Automatic'),
(2, 5, 'BMW', '3 Series', 'Petrol', 2019, 'Good', 'TUV678', 'Black', 'False', 'Automatic'),
(3, 5, 'Ford', 'Focus', 'Petrol', 2020, 'Good', 'WXY901', 'Red', 'False', 'Manual'),
(4, 5, 'Mercedes-Benz', 'V-Class', 'Diesel', 2021, 'Excellent', 'YZA234', 'Silver', 'False', 'Automatic'),
(5, 5, 'Maserati', 'Ghibli', 'Petrol', 2022, 'Good', 'BCD567', 'Black', 'False', 'Automatic'),
(6, 5, 'Chrysler', 'Voyager', 'Petrol', 2018, 'Good', 'EFG890', 'White', 'False', 'Automatic');

-- Inserting values into the Maintenance table
INSERT INTO Maintenance (EmployeeID, CarID, MaintenanceDate, MaintenanceDetails)
VALUES
(1, 1, '2024-04-09', 'Routine checkup and oil change.'),
(2, 2, '2024-04-10', 'Replaced brake pads and checked engine fluids.'),
(3, 3, '2024-04-11', 'Performed diagnostics and repaired electrical system.'),
(4, 4, '2024-04-12', 'Replaced worn-out tires and aligned wheels.'),
(5, 5, '2024-04-13', 'Inspected suspension system and adjusted alignment.'),
(6, 6, '2024-04-14', 'Repaired minor body damage and performed general maintenance.'),
(1, 7, '2024-04-15', 'Routine checkup and oil change.'),
(2, 8, '2024-04-16', 'Replaced brake pads and checked engine fluids.'),
(3, 9, '2024-04-17', 'Performed diagnostics and repaired electrical system.'),
(4, 10, '2024-04-18', 'Replaced worn-out tires and aligned wheels.'),
(5, 11, '2024-04-19', 'Inspected suspension system and adjusted alignment.'),
(6, 12, '2024-04-20', 'Repaired minor body damage and performed general maintenance.'),
(1, 13, '2024-04-21', 'Routine checkup and oil change.'),
(2, 14, '2024-04-22', 'Replaced brake pads and checked engine fluids.'),
(3, 15, '2024-04-23', 'Performed diagnostics and repaired electrical system.'),
(4, 16, '2024-04-24', 'Replaced worn-out tires and aligned wheels.'),
(5, 17, '2024-04-25', 'Inspected suspension system and adjusted alignment.'),
(6, 18, '2024-04-26', 'Repaired minor body damage and performed general maintenance.'),
(1, 19, '2024-04-27', 'Routine checkup and oil change.'),
(2, 20, '2024-04-28', 'Replaced brake pads and checked engine fluids.'),
(3, 21, '2024-04-29', 'Performed diagnostics and repaired electrical system.'),
(4, 22, '2024-04-30', 'Replaced worn-out tires and aligned wheels.'),
(5, 23, '2024-05-01', 'Inspected suspension system and adjusted alignment.'),
(6, 24, '2024-05-02', 'Repaired minor body damage and performed general maintenance.'),
(1, 25, '2024-05-03', 'Routine checkup and oil change.'),
(2, 26, '2024-05-04', 'Replaced brake pads and checked engine fluids.'),
(3, 27, '2024-05-05', 'Performed diagnostics and repaired electrical system.'),
(4, 28, '2024-05-06', 'Replaced worn-out tires and aligned wheels.'),
(5, 29, '2024-05-07', 'Inspected suspension system and adjusted alignment.'),
(6, 30, '2024-05-08', 'Repaired minor body damage and performed general maintenance.');

-- Inserting values into the Customer table
INSERT INTO Customer (CustomerID, Driver_LicenseNo, FirstName, LastName, ContactNo, Email_Address) 
VALUES 
(1, CAST('DL12345AB' AS VARBINARY(MAX)), 'John', 'Doe', 1234567891, 'john.doe@gmail.com'),
(2, CAST('DL67890CD' AS VARBINARY(MAX)), 'Jane', 'Smith', 2345678901, 'jane.smith@gmail.com'),
(3, CAST('DL23456EF' AS VARBINARY(MAX)), 'Michael', 'Brown', 3456789012, 'michael.brown@gmail.com'),
(4, CAST('DL34567GH' AS VARBINARY(MAX)), 'Emily', 'Davis', 4567890123, 'emily.davis@gmail.com'),
(5, CAST('DL45678IJ' AS VARBINARY(MAX)), 'David', 'Wilson', 5678901234, 'david.wilson@gmail.com'),
(6, CAST('DL56789KL' AS VARBINARY(MAX)), 'Jessica', 'Martinez', 6789012345, 'jessica.martinez@gmail.com'),
(7, CAST('DL67890MN' AS VARBINARY(MAX)), 'William', 'Anderson', 7890123456, 'william.anderson@gmail.com'),
(8, CAST('DL78901OP' AS VARBINARY(MAX)), 'Megan', 'Taylor', 8901234567, 'megan.taylor@gmail.com'),
(9, CAST('DL89012QR' AS VARBINARY(MAX)), 'Christopher', 'Thomas', 9012345678, 'christopher.thomas@gmail.com'),
(10, CAST('DL90123ST' AS VARBINARY(MAX)), 'Amanda', 'Hernandez', 1234567890, 'amanda.hernandez@gmail.com'),
(11, CAST('DL01234UV' AS VARBINARY(MAX)), 'Daniel', 'Lopez', 2345678902, 'daniel.lopez@gmail.com'),
(12, CAST('DL34567WX' AS VARBINARY(MAX)), 'Olivia', 'King', 3456789013, 'olivia.king@gmail.com'),
(13, CAST('DL45678YZ' AS VARBINARY(MAX)), 'Matthew', 'Young', 4567890124, 'matthew.young@gmail.com'),
(14, CAST('DL56789AB' AS VARBINARY(MAX)), 'Samantha', 'Lee', 5678901235, 'samantha.lee@gmail.com'),
(15, CAST('DL67890CD' AS VARBINARY(MAX)), 'Ethan', 'Gonzalez', 6789012346, 'ethan.gonzalez@gmail.com'),
(16, CAST('DL78901EF' AS VARBINARY(MAX)), 'Isabella', 'Lewis', 7890123457, 'isabella.lewis@gmail.com'),
(17, CAST('DL89012GH' AS VARBINARY(MAX)), 'Alexander', 'Walker', 9012345698, 'alexander.walker@gmail.com'),
(18, CAST('DL90123IJ' AS VARBINARY(MAX)), 'Madison', 'Hall', 1234567892, 'madison.hall@gmail.com'),
(19, CAST('DL01234KL' AS VARBINARY(MAX)), 'Elijah', 'Allen', 2345678903, 'elijah.allen@gmail.com'),
(20, CAST('DL12345MN' AS VARBINARY(MAX)), 'Ava', 'Young', 3456789014, 'ava.young@gmail.com'),
(21, CAST('DL23456OP' AS VARBINARY(MAX)), 'James', 'Wright', 4567890125, 'james.wright@gmail.com'),
(22, CAST('DL34567QR' AS VARBINARY(MAX)), 'Sophia', 'Adams', 5678901236, 'sophia.adams@gmail.com'),
(23, CAST('DL45678ST' AS VARBINARY(MAX)), 'Daniel', 'Garcia', 6789012347, 'daniel.garcia@gmail.com'),
(24, CAST('DL56789UV' AS VARBINARY(MAX)), 'Emma', 'Clark', 7890123458, 'emma.clark@gmail.com'),
(25, CAST('DL67890WX' AS VARBINARY(MAX)), 'Michael', 'Hill', 8901234568, 'michael.hill@gmail.com'),
(26, CAST('DL78901YZ' AS VARBINARY(MAX)), 'Avery', 'Torres', 9012345670, 'avery.torres@gmail.com'),
(27, CAST('DL89012AB' AS VARBINARY(MAX)), 'Mia', 'Peterson', 1234567893, 'mia.peterson@gmail.com'),
(28, CAST('DL90123CD' AS VARBINARY(MAX)), 'Logan', 'Morris', 2345678904, 'logan.morris@gmail.com'),
(29, CAST('DL01234EF' AS VARBINARY(MAX)), 'Benjamin', 'Ross', 3456789015, 'benjamin.ross@gmail.com'),
(30, CAST('DL12345GH' AS VARBINARY(MAX)), 'Chloe', 'Rivera', 4567890126, 'chloe.rivera@gmail.com');

-- Inserting values into the Reservation table
INSERT INTO Reservation (CustomerID, CarID, Pickup_Date_and_Time, Return_Date_and_Time, Opt_Insurance)
VALUES 
(1, 1, '2024-04-10 09:00:00', '2024-04-12 09:00:00', 'TRUE'),
(2, 2, '2024-04-11 10:00:00', '2024-04-13 10:00:00', 'FALSE'),
(3, 3, '2024-04-12 11:00:00', '2024-04-14 11:00:00', 'TRUE'),
(4, 4, '2024-04-13 12:00:00', '2024-04-15 12:00:00', 'FALSE'),
(5, 5, '2024-04-14 13:00:00', '2024-04-16 13:00:00', 'TRUE'),
(6, 6, '2024-04-15 14:00:00', '2024-04-17 14:00:00', 'FALSE'),
(7, 7, '2024-04-16 15:00:00', '2024-04-18 15:00:00', 'TRUE'),
(8, 8, '2024-04-17 16:00:00', '2024-04-19 16:00:00', 'FALSE'),
(9, 9, '2024-04-18 17:00:00', '2024-04-20 17:00:00', 'TRUE'),
(10, 10, '2024-04-19 18:00:00', '2024-04-21 18:00:00', 'FALSE'),
(11, 11, '2024-04-20 19:00:00', '2024-04-22 19:00:00', 'TRUE'),
(12, 12, '2024-04-21 20:00:00', '2024-04-23 20:00:00', 'FALSE'),
(13, 13, '2024-04-22 21:00:00', '2024-04-24 21:00:00', 'TRUE'),
(14, 14, '2024-04-23 22:00:00', '2024-04-25 22:00:00', 'FALSE'),
(15, 15, '2024-04-24 23:00:00', '2024-04-26 23:00:00', 'TRUE'),
(16, 16, '2024-04-25 00:00:00', '2024-04-27 00:00:00', 'FALSE'),
(17, 17, '2024-04-26 01:00:00', '2024-04-28 01:00:00', 'TRUE'),
(18, 18, '2024-04-27 02:00:00', '2024-04-29 02:00:00', 'FALSE'),
(19, 19, '2024-04-28 03:00:00', '2024-04-30 03:00:00', 'TRUE'),
(20, 20, '2024-04-29 04:00:00', '2024-05-01 04:00:00', 'FALSE'),
(21, 21, '2024-04-30 05:00:00', '2024-05-02 05:00:00', 'TRUE'),
(22, 22, '2024-05-01 06:00:00', '2024-05-03 06:00:00', 'FALSE'),
(23, 23, '2024-05-02 07:00:00', '2024-05-04 07:00:00', 'TRUE'),
(24, 24, '2024-05-03 08:00:00', '2024-05-05 08:00:00', 'FALSE'),
(25, 25, '2024-05-04 09:00:00', '2024-05-06 09:00:00', 'TRUE'),
(26, 26, '2024-05-05 10:00:00', '2024-05-07 10:00:00', 'FALSE'),
(27, 27, '2024-05-06 11:00:00', '2024-05-08 11:00:00', 'TRUE'),
(28, 28, '2024-05-07 12:00:00', '2024-05-09 12:00:00', 'FALSE'),
(29, 29, '2024-05-08 13:00:00', '2024-05-10 13:00:00', 'TRUE'),
(30, 30, '2024-05-09 14:00:00', '2024-05-11 14:00:00', 'FALSE');

-- Inserting values into the Support table
INSERT INTO Support (ReservationID, CustomerID, EmployeeID, Support_Type, Support_Description, Support_Status)
VALUES
(1, 1, 1, 'Technical Support', 'Car engine issue', 'Open'),
(2, 2, 2, 'Billing Support', 'Payment query', 'Closed'),
(3, 3, 3, 'Technical Support', 'Car AC not working', 'Pending'),
(4, 4, 4, 'Technical Support', 'Car tire punctured', 'Open'),
(5, 5, 5, 'Billing Support', 'Invoice discrepancy', 'Closed'),
(6, 6, 6, 'Technical Support', 'Car battery dead', 'Pending'),
(7, 7, 7, 'Technical Support', 'Car overheating', 'Open'),
(8, 8, 8, 'Billing Support', 'Refund request', 'Closed'),
(9, 9, 9, 'Technical Support', 'Car lock jammed', 'Pending'),
(10, 10, 10, 'Technical Support', 'Car alarm not working', 'Open'),
(11, 11, 11, 'Billing Support', 'Payment confirmation', 'Closed'),
(12, 12, 12, 'Technical Support', 'Car navigation system failure', 'Pending'),
(13, 13, 13, 'Technical Support', 'Car headlights malfunctioning', 'Open'),
(14, 14, 14, 'Billing Support', 'Invoice not received', 'Closed'),
(15, 15, 15, 'Technical Support', 'Car stereo system issue', 'Pending'),
(16, 16, 16, 'Technical Support', 'Car wiper not working', 'Open'),
(17, 17, 17, 'Billing Support', 'Payment overdue', 'Closed'),
(18, 18, 18, 'Technical Support', 'Car door will not close properly', 'Pending'),
(19, 19, 19, 'Technical Support', 'Car key lost', 'Open'),
(20, 20, 20, 'Billing Support', 'Payment failure', 'Closed'),
(21, 21, 21, 'Technical Support', 'Car trunk stuck', 'Pending'),
(22, 22, 22, 'Technical Support', 'Car window will not roll up', 'Open'),
(23, 23, 23, 'Billing Support', 'Billing address update', 'Closed'),
(24, 24, 24, 'Technical Support', 'Car mirror broken', 'Pending'),
(25, 25, 25, 'Technical Support', 'Car seat adjustment issue', 'Open'),
(26, 26, 26, 'Billing Support', 'Payment plan query', 'Closed'),
(27, 27, 27, 'Technical Support', 'Car alarm keeps going off', 'Pending'),
(28, 28, 28, 'Technical Support', 'Car engine noise', 'Open'),
(29, 29, 29, 'Billing Support', 'Payment method change', 'Closed');

-- Inserting values into the Insurance table
INSERT INTO Insurance (ReservationID, Coverage_Type, Coverage_Amount)
VALUES
(1, 'Basic', 100.00),
(2, 'Premium', 150.00),
(3, 'Standard', 120.00),
(4, 'Basic', 100.00),
(5, 'Premium', 150.00),
(6, 'Standard', 120.00),
(7, 'Basic', 100.00),
(8, 'Premium', 150.00),
(9, 'Standard', 120.00),
(10, 'Basic', 100.00),
(11, 'Premium', 150.00),
(12, 'Standard', 120.00),
(13, 'Basic', 100.00),
(14, 'Premium', 150.00),
(15, 'Standard', 120.00),
(16, 'Basic', 100.00),
(17, 'Premium', 150.00),
(18, 'Standard', 120.00),
(19, 'Basic', 100.00),
(20, 'Premium', 150.00),
(21, 'Standard', 120.00),
(22, 'Basic', 100.00),
(23, 'Premium', 150.00),
(24, 'Standard', 120.00),
(25, 'Basic', 100.00),
(26, 'Premium', 150.00),
(27, 'Standard', 120.00),
(28, 'Basic', 100.00),
(29, 'Premium', 150.00),
(30, 'Standard', 120.00);

INSERT INTO Return_and_Inspection (ReservationID, EmployeeID, InspectionDate, InspectionOutcome, Damage_Details, Feedback)
VALUES
(1, 1, '2024-05-01 10:00:00', 'No damage found', 'N/A', 'Good service'),
(2, 2, '2024-05-02 10:00:00', 'Minor scratch on rear bumper', 'Minor scratch on rear bumper', 'Satisfactory'),
(3, 3, '2024-05-03 10:00:00', 'No damage found', 'N/A', 'Excellent service'),
(4, 4, '2024-05-04 10:00:00', 'Dent on the driver side door', 'Dent on the driver side door', 'Average service'),
(5, 5, '2024-05-05 10:00:00', 'No damage found', 'N/A', 'Good service'),
(6, 6, '2024-05-06 10:00:00', 'No damage found', 'N/A', 'Satisfactory'),
(7, 7, '2024-05-07 10:00:00', 'No damage found', 'N/A', 'Excellent service'),
(8, 8, '2024-05-08 10:00:00', 'Minor scratch on passenger side door', 'Minor scratch on passenger side door', 'Average service'),
(9, 9, '2024-05-09 10:00:00', 'No damage found', 'N/A', 'Good service'),
(10, 10, '2024-05-10 10:00:00', 'No damage found', 'N/A', 'Satisfactory'),
(11, 11, '2024-05-11 10:00:00', 'Minor dent on the hood', 'Minor dent on the hood', 'Excellent service'),
(12, 12, '2024-05-12 10:00:00', 'No damage found', 'N/A', 'Average service'),
(13, 13, '2024-05-13 10:00:00', 'No damage found', 'N/A', 'Good service'),
(14, 14, '2024-05-14 10:00:00', 'No damage found', 'N/A', 'Satisfactory'),
(15, 15, '2024-05-15 10:00:00', 'Minor scratch on the front bumper', 'Minor scratch on the front bumper', 'Excellent service'),
(16, 16, '2024-05-16 10:00:00', 'No damage found', 'N/A', 'Average service'),
(17, 17, '2024-05-17 10:00:00', 'No damage found', 'N/A', 'Good service'),
(18, 18, '2024-05-18 10:00:00', 'Dent on the rear door', 'Dent on the rear door', 'Satisfactory'),
(19, 19, '2024-05-19 10:00:00', 'No damage found', 'N/A', 'Excellent service'),
(20, 20, '2024-05-20 10:00:00', 'Minor scratch on the side mirror', 'Minor scratch on the side mirror', 'Average service'),
(21, 21, '2024-05-21 10:00:00', 'No damage found', 'N/A', 'Good service'),
(22, 22, '2024-05-22 10:00:00', 'No damage found', 'N/A', 'Satisfactory'),
(23, 23, '2024-05-23 10:00:00', 'Minor dent on the trunk', 'Minor dent on the trunk', 'Excellent service'),
(24, 24, '2024-05-24 10:00:00', 'No damage found', 'N/A', 'Average service'),
(25, 25, '2024-05-25 10:00:00', 'No damage found', 'N/A', 'Good service'),
(26, 26, '2024-05-26 10:00:00', 'Minor scratch on the roof', 'Minor scratch on the roof', 'Satisfactory'),
(27, 27, '2024-05-27 10:00:00', 'No damage found', 'N/A', 'Excellent service'),
(28, 28, '2024-05-28 10:00:00', 'No damage found', 'N/A', 'Average service'),
(29, 29, '2024-05-29 10:00:00', 'Minor dent on the rear bumper', 'Minor dent on the rear bumper', 'Good service');

INSERT INTO Billing (ReservationID, InspectionID, Bill_Amount_Total, Bill_Amount_Due, Payment_Date, Payment_Status, Payment_Mode, Billing_Statement)
VALUES
(1, 31, 100.00, 100.00, '2024-05-01 10:00:00', 'Success', 'Cash', 'Bill statement for Reservation ID 1 and Inspection ID 31'),
(2, 32, 150.00, 150.00, '2024-05-02 10:00:00', 'Failed', 'Credit/Debit Card', 'Bill statement for Reservation ID 2 and Inspection ID 32'),
(3, 33, 200.00, 200.00, '2024-05-03 10:00:00', 'Success', 'Google Pay', 'Bill statement for Reservation ID 3 and Inspection ID 33'),
(4, 34, 250.00, 250.00, '2024-05-04 10:00:00', 'Success', 'Apple Pay', 'Bill statement for Reservation ID 4 and Inspection ID 34'),
(5, 35, 300.00, 300.00, '2024-05-05 10:00:00', 'In Progress', 'Cash', 'Bill statement for Reservation ID 5 and Inspection ID 35'),
(6, 36, 350.00, 350.00, '2024-05-06 10:00:00', 'Failed', 'Credit/Debit Card', 'Bill statement for Reservation ID 6 and Inspection ID 36'),
(7, 37, 400.00, 400.00, '2024-05-07 10:00:00', 'Success', 'Google Pay', 'Bill statement for Reservation ID 7 and Inspection ID 37'),
(8, 38, 450.00, 450.00, '2024-05-08 10:00:00', 'Success', 'Apple Pay', 'Bill statement for Reservation ID 8 and Inspection ID 38'),
(9, 39, 500.00, 500.00, '2024-05-09 10:00:00', 'In Progress', 'Cash', 'Bill statement for Reservation ID 9 and Inspection ID 39'),
(10, 40, 550.00, 550.00, '2024-05-10 10:00:00', 'Failed', 'Credit/Debit Card', 'Bill statement for Reservation ID 10 and Inspection ID 40'),
(11, 41, 600.00, 600.00, '2024-05-11 10:00:00', 'Success', 'Google Pay', 'Bill statement for Reservation ID 11 and Inspection ID 41'),
(12, 42, 650.00, 650.00, '2024-05-12 10:00:00', 'Success', 'Apple Pay', 'Bill statement for Reservation ID 12 and Inspection ID 42'),
(13, 43, 700.00, 700.00, '2024-05-13 10:00:00', 'In Progress', 'Cash', 'Bill statement for Reservation ID 13 and Inspection ID 43'),
(14, 44, 750.00, 750.00, '2024-05-14 10:00:00', 'Failed', 'Credit/Debit Card', 'Bill statement for Reservation ID 14 and Inspection ID 44'),
(15, 45, 800.00, 800.00, '2024-05-15 10:00:00', 'Success', 'Google Pay', 'Bill statement for Reservation ID 15 and Inspection ID 45'),
(16, 46, 850.00, 850.00, '2024-05-16 10:00:00', 'Success', 'Apple Pay', 'Bill statement for Reservation ID 16 and Inspection ID 46'),
(17, 47, 900.00, 900.00, '2024-05-17 10:00:00', 'In Progress', 'Cash', 'Bill statement for Reservation ID 17 and Inspection ID 47'),
(18, 48, 950.00, 950.00, '2024-05-18 10:00:00', 'Failed', 'Credit/Debit Card', 'Bill statement for Reservation ID 18 and Inspection ID 48'),
(19, 49, 1000.00, 1000.00, '2024-05-19 10:00:00', 'Success', 'Google Pay', 'Bill statement for Reservation ID 19 and Inspection ID 49'),
(20, 50, 1050.00, 1050.00, '2024-05-20 10:00:00', 'Success', 'Apple Pay', 'Bill statement for Reservation ID 20 and Inspection ID 50'),
(21, 51, 1100.00, 1100.00, '2024-05-21 10:00:00', 'In Progress', 'Cash', 'Bill statement for Reservation ID 21 and Inspection ID 51'),
(22, 52, 1150.00, 1150.00, '2024-05-22 10:00:00', 'Failed', 'Credit/Debit Card', 'Bill statement for Reservation ID 22 and Inspection ID 52'),
(23, 53, 1200.00, 1200.00, '2024-05-23 10:00:00', 'Success', 'Google Pay', 'Bill statement for Reservation ID 23 and Inspection ID 53'),
(24, 54, 1250.00, 1250.00, '2024-05-24 10:00:00', 'Success', 'Apple Pay', 'Bill statement for Reservation ID 24 and Inspection ID 54'),
(25, 55, 1300.00, 1300.00, '2024-05-25 10:00:00', 'In Progress', 'Cash', 'Bill statement for Reservation ID 25 and Inspection ID 55'),
(26, 56, 1350.00, 1350.00, '2024-05-26 10:00:00', 'Failed', 'Credit/Debit Card', 'Bill statement for Reservation ID 26 and Inspection ID 56'),
(27, 57, 1400.00, 1400.00, '2024-05-27 10:00:00', 'Success', 'Google Pay', 'Bill statement for Reservation ID 27 and Inspection ID 57'),
(28, 58, 1450.00, 1450.00, '2024-05-28 10:00:00', 'Success', 'Apple Pay', 'Bill statement for Reservation ID 28 and Inspection ID 58'),
(29, 59, 1500.00, 1500.00, '2024-05-29 10:00:00', 'In Progress', 'Cash', 'Bill statement for Reservation ID 29 and Inspection ID 59');